file,line,category,severity,issue,suggestion,example
backend/app/__init__.py,66,安全漏洞,高,疑似硬编码密钥/口令,需要人工复核上下文：确认是否为误报；如属实则按安全基线整改。,"jk = str(app.config.get(""JWT_SECRET_KEY"") or """")"
backend/app/__init__.py,68,安全漏洞,高,疑似硬编码密钥/口令,需要人工复核上下文：确认是否为误报；如属实则按安全基线整改。,"raise RuntimeError(""JWT_SECRET_KEY must be set in production"")"
backend/app/config.py,20,安全漏洞,高,疑似硬编码密钥/口令,需要人工复核上下文：确认是否为误报；如属实则按安全基线整改。,"SECRET_KEY = os.getenv('SECRET_KEY', 'dev-secret-key-change-me-please-32bytes')  # 应用密钥"
backend/app/config.py,22,安全漏洞,高,疑似硬编码密钥/口令,需要人工复核上下文：确认是否为误报；如属实则按安全基线整改。,"JWT_SECRET_KEY = os.getenv('JWT_SECRET_KEY', 'dev-jwt-secret-key-change-me-please-32bytes')  # JWT 签名密钥"
backend/app/utils/distributed_lock.py,32,安全漏洞,高,危险执行（eval/exec）,需要人工复核上下文：确认是否为误报；如属实则按安全基线整改。,"return bool(self.redis.eval(lua, 1, key, token))"
backend/tools/seed_api_test_data.py,20,安全漏洞,高,疑似硬编码密钥/口令,需要人工复核上下文：确认是否为误报；如属实则按安全基线整改。,"admin_password = ""Passw0rd!test"""
backend/tools/seed_api_test_data.py,21,安全漏洞,高,疑似硬编码密钥/口令,需要人工复核上下文：确认是否为误报；如属实则按安全基线整改。,"user_password = ""Passw0rd!test"""
frontend/src/views/UserCenter.vue,1350,安全漏洞,高,疑似硬编码密钥/口令,需要人工复核上下文：确认是否为误报；如属实则按安全基线整改。,pwdForm.old_password = ''
frontend/src/views/UserCenter.vue,1351,安全漏洞,高,疑似硬编码密钥/口令,需要人工复核上下文：确认是否为误报；如属实则按安全基线整改。,pwdForm.new_password = ''
frontend/src/views/UserCenter.vue,1352,安全漏洞,高,疑似硬编码密钥/口令,需要人工复核上下文：确认是否为误报；如属实则按安全基线整改。,pwdForm.confirm_password = ''
tools/code-review/run_code_review.py,211,安全漏洞,高,疑似硬编码密钥/口令,需要人工复核上下文：确认是否为误报；如属实则按安全基线整改。,"(""安全漏洞"", ""高"", ""疑似硬编码密钥/口令"", re.compile(r""(AKIA[0-9A-Z]{16}|SECRET_KEY\s*=|JWT_SECRET|PRIVATE_KEY|BEGIN\s+PRIVATE\s+KEY|password\s*=\s*['\""])"")),"
backend/app/__init__.py,32,代码质量,中,函数过长（84 行）：create_app,拆分为更小的函数/提取校验与持久化逻辑，降低圈复杂度与测试成本。,def create_app(...):
backend/app/__init__.py,32,代码质量,中,圈复杂度偏高（≈22）：create_app,减少嵌套与分支；采用早返回/策略表/状态机；为分支路径补单测。,def create_app(...):
backend/app/admin_v2/controllers.py,235,代码质量,中,函数过长（538 行）：register_admin_routes,拆分为更小的函数/提取校验与持久化逻辑，降低圈复杂度与测试成本。,def register_admin_routes(...):
backend/app/admin_v2/controllers.py,235,代码质量,中,圈复杂度偏高（≈62）：register_admin_routes,减少嵌套与分支；采用早返回/策略表/状态机；为分支路径补单测。,def register_admin_routes(...):
backend/app/admin_v2/controllers.py,657,代码质量,中,疑似重复代码片段,抽取为共享函数/组件/DAO 方法；统一校验与错误处理以减少漂移。,"重复片段位置: backend/app/admin_v2/controllers.py:657, backend/app/routes/user.py:101"
backend/app/admin_v2/controllers.py,658,代码质量,中,疑似重复代码片段,抽取为共享函数/组件/DAO 方法；统一校验与错误处理以减少漂移。,"重复片段位置: backend/app/admin_v2/controllers.py:658, backend/app/routes/user.py:102"
backend/app/admin_v2/controllers.py,659,代码质量,中,疑似重复代码片段,抽取为共享函数/组件/DAO 方法；统一校验与错误处理以减少漂移。,"重复片段位置: backend/app/admin_v2/controllers.py:659, backend/app/routes/user.py:103"
backend/app/admin_v2/controllers.py,660,代码质量,中,疑似重复代码片段,抽取为共享函数/组件/DAO 方法；统一校验与错误处理以减少漂移。,"重复片段位置: backend/app/admin_v2/controllers.py:660, backend/app/routes/user.py:104"
backend/app/admin_v2/controllers.py,661,代码质量,中,疑似重复代码片段,抽取为共享函数/组件/DAO 方法；统一校验与错误处理以减少漂移。,"重复片段位置: backend/app/admin_v2/controllers.py:661, backend/app/routes/user.py:105"
backend/app/admin_v2/controllers.py,662,代码质量,中,疑似重复代码片段,抽取为共享函数/组件/DAO 方法；统一校验与错误处理以减少漂移。,"重复片段位置: backend/app/admin_v2/controllers.py:662, backend/app/routes/user.py:106"
backend/app/admin_v2/controllers.py,663,代码质量,中,疑似重复代码片段,抽取为共享函数/组件/DAO 方法；统一校验与错误处理以减少漂移。,"重复片段位置: backend/app/admin_v2/controllers.py:663, backend/app/routes/user.py:107"
backend/app/admin_v2/controllers.py,664,代码质量,中,疑似重复代码片段,抽取为共享函数/组件/DAO 方法；统一校验与错误处理以减少漂移。,"重复片段位置: backend/app/admin_v2/controllers.py:664, backend/app/routes/user.py:108"
backend/app/admin_v2/controllers.py,665,代码质量,中,疑似重复代码片段,抽取为共享函数/组件/DAO 方法；统一校验与错误处理以减少漂移。,"重复片段位置: backend/app/admin_v2/controllers.py:665, backend/app/routes/user.py:109"
backend/app/admin_v2/controllers.py,666,代码质量,中,疑似重复代码片段,抽取为共享函数/组件/DAO 方法；统一校验与错误处理以减少漂移。,"重复片段位置: backend/app/admin_v2/controllers.py:666, backend/app/routes/user.py:110"
backend/app/admin_v2/controllers.py,667,代码质量,中,疑似重复代码片段,抽取为共享函数/组件/DAO 方法；统一校验与错误处理以减少漂移。,"重复片段位置: backend/app/admin_v2/controllers.py:667, backend/app/routes/user.py:111"
backend/app/admin_v2/daos/rbac_dao.py,68,性能瓶颈,中,潜在全量拉取/物化（list(find)/toArray）,需要人工复核上下文：确认是否为误报；如属实则按安全基线整改。,"return list(mongo.db[RbacDao.PERMS].find({}, projection={""_id"": 0}).sort(""name"", 1))"
backend/app/admin_v2/daos/rbac_dao.py,99,性能瓶颈,中,潜在全量拉取/物化（list(find)/toArray）,需要人工复核上下文：确认是否为误报；如属实则按安全基线整改。,"return list(mongo.db[RbacDao.ROLES].find().sort(""name"", 1))"
backend/app/admin_v2/daos/rbac_dao.py,153,性能瓶颈,中,潜在全量拉取/物化（list(find)/toArray）,需要人工复核上下文：确认是否为误报；如属实则按安全基线整改。,"return list(mongo.db[RbacDao.ROLES].find({""_id"": {""$in"": role_ids}}))"
backend/app/admin_v2/services/sales_service.py,155,代码质量,中,函数过长（81 行）：detail,拆分为更小的函数/提取校验与持久化逻辑，降低圈复杂度与测试成本。,def detail(...):
backend/app/models/maintenance_model.py,56,性能瓶颈,中,潜在全量拉取/物化（list(find)/toArray）,需要人工复核上下文：确认是否为误报；如属实则按安全基线整改。,"return list(mongo.db[MaintenanceAppointment.COL].find(q, projection={""_id"": 1, ""scheduled_start"": 1, ""scheduled_end"": 1, ""status"": 1}))"
backend/app/models/maintenance_model.py,68,性能瓶颈,中,潜在全量拉取/物化（list(find)/toArray）,需要人工复核上下文：确认是否为误报；如属实则按安全基线整改。,"return list(mongo.db[MaintenanceAppointment.COL].find(q, projection={""_id"": 1, ""scheduled_start"": 1, ""scheduled_end"": 1, ""status"": 1}))"
backend/app/models/order_model.py,74,性能瓶颈,中,潜在全量拉取/物化（list(find)/toArray）,需要人工复核上下文：确认是否为误报；如属实则按安全基线整改。,"return list(mongo.db.orders.find({""user_id"": ObjectId(user_id)}))"
backend/app/models/order_model.py,87,性能瓶颈,中,潜在全量拉取/物化（list(find)/toArray）,需要人工复核上下文：确认是否为误报；如属实则按安全基线整改。,return list(mongo.db.orders.find())
backend/app/models/product_model.py,56,性能瓶颈,中,潜在全量拉取/物化（list(find)/toArray）,需要人工复核上下文：确认是否为误报；如属实则按安全基线整改。,return list(mongo.db.products.find())
backend/app/models/product_model.py,72,性能瓶颈,中,潜在全量拉取/物化（list(find)/toArray）,需要人工复核上下文：确认是否为误报；如属实则按安全基线整改。,"return list(mongo.db.products.find({""_id"": {""$in"": ids}}))"
backend/app/models/product_model.py,81,性能瓶颈,中,潜在全量拉取/物化（list(find)/toArray）,需要人工复核上下文：确认是否为误报；如属实则按安全基线整改。,"return list(mongo.db.products.find({""category"": category}))"
backend/app/models/product_model.py,117,性能瓶颈,中,潜在全量拉取/物化（list(find)/toArray）,需要人工复核上下文：确认是否为误报；如属实则按安全基线整改。,items = list(mongo.db.products.find(query).sort(sort_spec).skip(skip).limit(page_size))
backend/app/models/product_model.py,146,性能瓶颈,中,潜在全量拉取/物化（list(find)/toArray）,需要人工复核上下文：确认是否为误报；如属实则按安全基线整改。,"return list(mongo.db.products.find(query).sort([(""created_at"", -1)]).limit(lim))"
backend/app/models/user_model.py,85,性能瓶颈,中,潜在全量拉取/物化（list(find)/toArray）,需要人工复核上下文：确认是否为误报；如属实则按安全基线整改。,return list(mongo.db.users.find())
backend/app/routes/order.py,43,代码质量,中,圈复杂度偏高（≈29）：create_order,减少嵌套与分支；采用早返回/策略表/状态机；为分支路径补单测。,def create_order(...):
backend/app/routes/product.py,183,代码质量,中,圈复杂度偏高（≈19）：reco_event,减少嵌套与分支；采用早返回/策略表/状态机；为分支路径补单测。,def reco_event(...):
backend/app/routes/user.py,101,代码质量,中,疑似重复代码片段,抽取为共享函数/组件/DAO 方法；统一校验与错误处理以减少漂移。,"重复片段位置: backend/app/admin_v2/controllers.py:657, backend/app/routes/user.py:101"
backend/app/routes/user.py,102,代码质量,中,疑似重复代码片段,抽取为共享函数/组件/DAO 方法；统一校验与错误处理以减少漂移。,"重复片段位置: backend/app/admin_v2/controllers.py:658, backend/app/routes/user.py:102"
backend/app/routes/user.py,103,代码质量,中,疑似重复代码片段,抽取为共享函数/组件/DAO 方法；统一校验与错误处理以减少漂移。,"重复片段位置: backend/app/admin_v2/controllers.py:659, backend/app/routes/user.py:103"
backend/app/routes/user.py,104,代码质量,中,疑似重复代码片段,抽取为共享函数/组件/DAO 方法；统一校验与错误处理以减少漂移。,"重复片段位置: backend/app/admin_v2/controllers.py:660, backend/app/routes/user.py:104"
backend/app/routes/user.py,105,代码质量,中,疑似重复代码片段,抽取为共享函数/组件/DAO 方法；统一校验与错误处理以减少漂移。,"重复片段位置: backend/app/admin_v2/controllers.py:661, backend/app/routes/user.py:105"
backend/app/routes/user.py,106,代码质量,中,疑似重复代码片段,抽取为共享函数/组件/DAO 方法；统一校验与错误处理以减少漂移。,"重复片段位置: backend/app/admin_v2/controllers.py:662, backend/app/routes/user.py:106"
backend/app/routes/user.py,107,代码质量,中,疑似重复代码片段,抽取为共享函数/组件/DAO 方法；统一校验与错误处理以减少漂移。,"重复片段位置: backend/app/admin_v2/controllers.py:663, backend/app/routes/user.py:107"
backend/app/routes/user.py,108,代码质量,中,疑似重复代码片段,抽取为共享函数/组件/DAO 方法；统一校验与错误处理以减少漂移。,"重复片段位置: backend/app/admin_v2/controllers.py:664, backend/app/routes/user.py:108"
backend/app/routes/user.py,109,代码质量,中,疑似重复代码片段,抽取为共享函数/组件/DAO 方法；统一校验与错误处理以减少漂移。,"重复片段位置: backend/app/admin_v2/controllers.py:665, backend/app/routes/user.py:109"
backend/app/routes/user.py,110,代码质量,中,疑似重复代码片段,抽取为共享函数/组件/DAO 方法；统一校验与错误处理以减少漂移。,"重复片段位置: backend/app/admin_v2/controllers.py:666, backend/app/routes/user.py:110"
backend/app/routes/user.py,111,代码质量,中,疑似重复代码片段,抽取为共享函数/组件/DAO 方法；统一校验与错误处理以减少漂移。,"重复片段位置: backend/app/admin_v2/controllers.py:667, backend/app/routes/user.py:111"
backend/app/services/activity_service.py,86,代码质量,中,函数过长（103 行）：validate_activity,拆分为更小的函数/提取校验与持久化逻辑，降低圈复杂度与测试成本。,def validate_activity(...):
backend/app/services/activity_service.py,86,代码质量,中,圈复杂度偏高（≈58）：validate_activity,减少嵌套与分支；采用早返回/策略表/状态机；为分支路径补单测。,def validate_activity(...):
backend/app/services/activity_service.py,466,代码质量,中,圈复杂度偏高（≈18）：public_list,减少嵌套与分支；采用早返回/策略表/状态机；为分支路径补单测。,def public_list(...):
backend/app/services/activity_service.py,537,代码质量,中,圈复杂度偏高（≈27）：register,减少嵌套与分支；采用早返回/策略表/状态机；为分支路径补单测。,def register(...):
backend/app/services/maintenance_pdf_service.py,21,代码质量,中,函数过长（89 行）：export_record_pdf_for_user,拆分为更小的函数/提取校验与持久化逻辑，降低圈复杂度与测试成本。,def export_record_pdf_for_user(...):
backend/app/services/maintenance_pdf_service.py,21,代码质量,中,圈复杂度偏高（≈22）：export_record_pdf_for_user,减少嵌套与分支；采用早返回/策略表/状态机；为分支路径补单测。,def export_record_pdf_for_user(...):
backend/app/services/maintenance_service.py,181,代码质量,中,函数过长（80 行）：create_appointment,拆分为更小的函数/提取校验与持久化逻辑，降低圈复杂度与测试成本。,def create_appointment(...):
backend/app/services/maintenance_service.py,181,代码质量,中,圈复杂度偏高（≈22）：create_appointment,减少嵌套与分支；采用早返回/策略表/状态机；为分支路径补单测。,def create_appointment(...):
backend/app/services/recommender.py,84,代码质量,中,函数过长（124 行）：_score_product,拆分为更小的函数/提取校验与持久化逻辑，降低圈复杂度与测试成本。,def _score_product(...):
backend/app/services/recommender.py,84,代码质量,中,圈复杂度偏高（≈48）：_score_product,减少嵌套与分支；采用早返回/策略表/状态机；为分支路径补单测。,def _score_product(...):
frontend/src/components/auth/AdminLogin.vue,28,代码质量,中,疑似重复代码片段,抽取为共享函数/组件/DAO 方法；统一校验与错误处理以减少漂移。,"重复片段位置: frontend/src/components/auth/AdminLogin.vue:28, frontend/src/components/auth/UserLogin.vue:17"
frontend/src/components/auth/AdminLogin.vue,29,代码质量,中,疑似重复代码片段,抽取为共享函数/组件/DAO 方法；统一校验与错误处理以减少漂移。,"重复片段位置: frontend/src/components/auth/AdminLogin.vue:29, frontend/src/components/auth/UserLogin.vue:18, frontend/src/components/auth/UserRegister.vue:24"
frontend/src/components/auth/AdminLogin.vue,30,代码质量,中,疑似重复代码片段,抽取为共享函数/组件/DAO 方法；统一校验与错误处理以减少漂移。,"重复片段位置: frontend/src/components/auth/AdminLogin.vue:30, frontend/src/components/auth/UserRegister.vue:25"
frontend/src/components/auth/UserLogin.vue,17,代码质量,中,疑似重复代码片段,抽取为共享函数/组件/DAO 方法；统一校验与错误处理以减少漂移。,"重复片段位置: frontend/src/components/auth/AdminLogin.vue:28, frontend/src/components/auth/UserLogin.vue:17"
frontend/src/components/auth/UserLogin.vue,18,代码质量,中,疑似重复代码片段,抽取为共享函数/组件/DAO 方法；统一校验与错误处理以减少漂移。,"重复片段位置: frontend/src/components/auth/AdminLogin.vue:29, frontend/src/components/auth/UserLogin.vue:18, frontend/src/components/auth/UserRegister.vue:24"
frontend/src/components/auth/UserLogin.vue,32,代码质量,中,疑似重复代码片段,抽取为共享函数/组件/DAO 方法；统一校验与错误处理以减少漂移。,"重复片段位置: frontend/src/components/auth/UserLogin.vue:32, frontend/src/components/auth/UserRegister.vue:48"
frontend/src/components/auth/UserLogin.vue,77,代码质量,中,疑似重复代码片段,抽取为共享函数/组件/DAO 方法；统一校验与错误处理以减少漂移。,"重复片段位置: frontend/src/components/auth/UserLogin.vue:77, frontend/src/components/auth/UserRegister.vue:103"
frontend/src/components/auth/UserRegister.vue,24,代码质量,中,疑似重复代码片段,抽取为共享函数/组件/DAO 方法；统一校验与错误处理以减少漂移。,"重复片段位置: frontend/src/components/auth/AdminLogin.vue:29, frontend/src/components/auth/UserLogin.vue:18, frontend/src/components/auth/UserRegister.vue:24"
frontend/src/components/auth/UserRegister.vue,25,代码质量,中,疑似重复代码片段,抽取为共享函数/组件/DAO 方法；统一校验与错误处理以减少漂移。,"重复片段位置: frontend/src/components/auth/AdminLogin.vue:30, frontend/src/components/auth/UserRegister.vue:25"
frontend/src/components/auth/UserRegister.vue,48,代码质量,中,疑似重复代码片段,抽取为共享函数/组件/DAO 方法；统一校验与错误处理以减少漂移。,"重复片段位置: frontend/src/components/auth/UserLogin.vue:32, frontend/src/components/auth/UserRegister.vue:48"
frontend/src/components/auth/UserRegister.vue,103,代码质量,中,疑似重复代码片段,抽取为共享函数/组件/DAO 方法；统一校验与错误处理以减少漂移。,"重复片段位置: frontend/src/components/auth/UserLogin.vue:77, frontend/src/components/auth/UserRegister.vue:103"
frontend/src/hooks/useSpeechRecognition.ts,36,代码质量,中,疑似重复代码片段,抽取为共享函数/组件/DAO 方法；统一校验与错误处理以减少漂移。,"重复片段位置: frontend/src/hooks/useSpeechRecognition.ts:36, frontend/src/stores/speech.ts:41"
frontend/src/hooks/useSpeechRecognition.ts,37,代码质量,中,疑似重复代码片段,抽取为共享函数/组件/DAO 方法；统一校验与错误处理以减少漂移。,"重复片段位置: frontend/src/hooks/useSpeechRecognition.ts:37, frontend/src/stores/speech.ts:42"
frontend/src/hooks/useSpeechRecognition.ts,38,代码质量,中,疑似重复代码片段,抽取为共享函数/组件/DAO 方法；统一校验与错误处理以减少漂移。,"重复片段位置: frontend/src/hooks/useSpeechRecognition.ts:38, frontend/src/stores/speech.ts:43"
frontend/src/hooks/useSpeechRecognition.ts,39,代码质量,中,疑似重复代码片段,抽取为共享函数/组件/DAO 方法；统一校验与错误处理以减少漂移。,"重复片段位置: frontend/src/hooks/useSpeechRecognition.ts:39, frontend/src/stores/speech.ts:44"
frontend/src/hooks/useSpeechRecognition.ts,40,代码质量,中,疑似重复代码片段,抽取为共享函数/组件/DAO 方法；统一校验与错误处理以减少漂移。,"重复片段位置: frontend/src/hooks/useSpeechRecognition.ts:40, frontend/src/stores/speech.ts:45"
frontend/src/hooks/useSpeechRecognition.ts,41,代码质量,中,疑似重复代码片段,抽取为共享函数/组件/DAO 方法；统一校验与错误处理以减少漂移。,"重复片段位置: frontend/src/hooks/useSpeechRecognition.ts:41, frontend/src/stores/speech.ts:46"
frontend/src/hooks/useSpeechRecognition.ts,60,代码质量,中,疑似重复代码片段,抽取为共享函数/组件/DAO 方法；统一校验与错误处理以减少漂移。,"重复片段位置: frontend/src/hooks/useSpeechRecognition.ts:60, frontend/src/stores/speech.ts:73"
frontend/src/hooks/useSpeechRecognition.ts,61,代码质量,中,疑似重复代码片段,抽取为共享函数/组件/DAO 方法；统一校验与错误处理以减少漂移。,"重复片段位置: frontend/src/hooks/useSpeechRecognition.ts:61, frontend/src/stores/speech.ts:74"
frontend/src/hooks/useSpeechRecognition.ts,62,代码质量,中,疑似重复代码片段,抽取为共享函数/组件/DAO 方法；统一校验与错误处理以减少漂移。,"重复片段位置: frontend/src/hooks/useSpeechRecognition.ts:62, frontend/src/stores/speech.ts:75"
frontend/src/hooks/useSpeechRecognition.ts,63,代码质量,中,疑似重复代码片段,抽取为共享函数/组件/DAO 方法；统一校验与错误处理以减少漂移。,"重复片段位置: frontend/src/hooks/useSpeechRecognition.ts:63, frontend/src/stores/speech.ts:76"
frontend/src/stores/a11y.ts,77,安全漏洞,中,localStorage 保存 token（XSS 风险放大）,需要人工复核上下文：确认是否为误报；如属实则按安全基线整改。,"localStorage.setItem(STORAGE_KEY, JSON.stringify(payload))"
frontend/src/stores/a11y.ts,81,安全漏洞,中,localStorage 保存 token（XSS 风险放大）,需要人工复核上下文：确认是否为误报；如属实则按安全基线整改。,const raw = localStorage.getItem(STORAGE_KEY)
frontend/src/stores/cart.ts,41,安全漏洞,中,localStorage 保存 token（XSS 风险放大）,需要人工复核上下文：确认是否为误报；如属实则按安全基线整改。,"localStorage.setItem(CACHE_KEY, JSON.stringify(payload))"
frontend/src/stores/cart.ts,45,安全漏洞,中,localStorage 保存 token（XSS 风险放大）,需要人工复核上下文：确认是否为误报；如属实则按安全基线整改。,const raw = localStorage.getItem(CACHE_KEY)
frontend/src/stores/cover.ts,26,安全漏洞,中,localStorage 保存 token（XSS 风险放大）,需要人工复核上下文：确认是否为误报；如属实则按安全基线整改。,const rm = localStorage.getItem(REDUCE_KEY)
frontend/src/stores/cover.ts,28,安全漏洞,中,localStorage 保存 token（XSS 风险放大）,需要人工复核上下文：确认是否为误报；如属实则按安全基线整改。,const ps = Number(localStorage.getItem(PARTICLE_SCALE_KEY) ?? '1')
frontend/src/stores/cover.ts,44,安全漏洞,中,localStorage 保存 token（XSS 风险放大）,需要人工复核上下文：确认是否为误报；如属实则按安全基线整改。,"localStorage.setItem(REDUCE_KEY, reduceMotion.value ? '1' : '0')"
frontend/src/stores/cover.ts,54,安全漏洞,中,localStorage 保存 token（XSS 风险放大）,需要人工复核上下文：确认是否为误报；如属实则按安全基线整改。,"localStorage.setItem(PARTICLE_SCALE_KEY, String(particleScale.value))"
frontend/src/stores/reco.ts,47,安全漏洞,中,localStorage 保存 token（XSS 风险放大）,需要人工复核上下文：确认是否为误报；如属实则按安全基线整改。,const existing = localStorage.getItem(key)
frontend/src/stores/reco.ts,53,安全漏洞,中,localStorage 保存 token（XSS 风险放大）,需要人工复核上下文：确认是否为误报；如属实则按安全基线整改。,"localStorage.setItem(key, id)"
frontend/src/stores/reco.ts,84,安全漏洞,中,localStorage 保存 token（XSS 风险放大）,需要人工复核上下文：确认是否为误报；如属实则按安全基线整改。,const cached = safeParse<HearingProfile>(localStorage.getItem(PROFILE_KEY))
frontend/src/stores/reco.ts,102,安全漏洞,中,localStorage 保存 token（XSS 风险放大）,需要人工复核上下文：确认是否为误报；如属实则按安全基线整改。,"localStorage.setItem(PROFILE_KEY, JSON.stringify(payload))"
frontend/src/stores/speech.ts,41,代码质量,中,疑似重复代码片段,抽取为共享函数/组件/DAO 方法；统一校验与错误处理以减少漂移。,"重复片段位置: frontend/src/hooks/useSpeechRecognition.ts:36, frontend/src/stores/speech.ts:41"
frontend/src/stores/speech.ts,42,代码质量,中,疑似重复代码片段,抽取为共享函数/组件/DAO 方法；统一校验与错误处理以减少漂移。,"重复片段位置: frontend/src/hooks/useSpeechRecognition.ts:37, frontend/src/stores/speech.ts:42"
frontend/src/stores/speech.ts,43,代码质量,中,疑似重复代码片段,抽取为共享函数/组件/DAO 方法；统一校验与错误处理以减少漂移。,"重复片段位置: frontend/src/hooks/useSpeechRecognition.ts:38, frontend/src/stores/speech.ts:43"
frontend/src/stores/speech.ts,44,代码质量,中,疑似重复代码片段,抽取为共享函数/组件/DAO 方法；统一校验与错误处理以减少漂移。,"重复片段位置: frontend/src/hooks/useSpeechRecognition.ts:39, frontend/src/stores/speech.ts:44"
frontend/src/stores/speech.ts,45,代码质量,中,疑似重复代码片段,抽取为共享函数/组件/DAO 方法；统一校验与错误处理以减少漂移。,"重复片段位置: frontend/src/hooks/useSpeechRecognition.ts:40, frontend/src/stores/speech.ts:45"
frontend/src/stores/speech.ts,46,代码质量,中,疑似重复代码片段,抽取为共享函数/组件/DAO 方法；统一校验与错误处理以减少漂移。,"重复片段位置: frontend/src/hooks/useSpeechRecognition.ts:41, frontend/src/stores/speech.ts:46"
frontend/src/stores/speech.ts,73,代码质量,中,疑似重复代码片段,抽取为共享函数/组件/DAO 方法；统一校验与错误处理以减少漂移。,"重复片段位置: frontend/src/hooks/useSpeechRecognition.ts:60, frontend/src/stores/speech.ts:73"
frontend/src/stores/speech.ts,74,代码质量,中,疑似重复代码片段,抽取为共享函数/组件/DAO 方法；统一校验与错误处理以减少漂移。,"重复片段位置: frontend/src/hooks/useSpeechRecognition.ts:61, frontend/src/stores/speech.ts:74"
frontend/src/stores/speech.ts,75,代码质量,中,疑似重复代码片段,抽取为共享函数/组件/DAO 方法；统一校验与错误处理以减少漂移。,"重复片段位置: frontend/src/hooks/useSpeechRecognition.ts:62, frontend/src/stores/speech.ts:75"
frontend/src/stores/speech.ts,76,代码质量,中,疑似重复代码片段,抽取为共享函数/组件/DAO 方法；统一校验与错误处理以减少漂移。,"重复片段位置: frontend/src/hooks/useSpeechRecognition.ts:63, frontend/src/stores/speech.ts:76"
frontend/src/tests/a11yStore.spec.ts,15,安全漏洞,中,localStorage 保存 token（XSS 风险放大）,需要人工复核上下文：确认是否为误报；如属实则按安全基线整改。,localStorage.setItem(
frontend/src/tests/cartStore.spec.ts,34,安全漏洞,中,localStorage 保存 token（XSS 风险放大）,需要人工复核上下文：确认是否为误报；如属实则按安全基线整改。,expect(localStorage.getItem('cart_cache_v1')).toBeTruthy()
frontend/src/tests/cartStore.spec.ts,53,安全漏洞,中,localStorage 保存 token（XSS 风险放大）,需要人工复核上下文：确认是否为误报；如属实则按安全基线整改。,localStorage.setItem(
frontend/src/tests/cartStore.spec.ts,69,安全漏洞,中,localStorage 保存 token（XSS 风险放大）,需要人工复核上下文：确认是否为误报；如属实则按安全基线整改。,expect(localStorage.getItem('cart_cache_v1')).toBeNull()
frontend/src/tests/cartStore.spec.ts,74,安全漏洞,中,localStorage 保存 token（XSS 风险放大）,需要人工复核上下文：确认是否为误报；如属实则按安全基线整改。,localStorage.setItem(
frontend/src/tests/cartStore.spec.ts,84,安全漏洞,中,localStorage 保存 token（XSS 风险放大）,需要人工复核上下文：确认是否为误报；如属实则按安全基线整改。,expect(localStorage.getItem('cart_cache_v1')).toBeNull()
frontend/src/tests/coverEntry.spec.ts,15,安全漏洞,中,localStorage 保存 token（XSS 风险放大）,需要人工复核上下文：确认是否为误报；如属实则按安全基线整改。,"localStorage.setItem('cover_seen_v1', getCoverSessionId())"
frontend/src/tests/e2e/a11y-modes.spec.ts,6,代码质量,中,疑似重复代码片段,抽取为共享函数/组件/DAO 方法；统一校验与错误处理以减少漂移。,"重复片段位置: frontend/src/tests/e2e/a11y-modes.spec.ts:6, frontend/src/tests/e2e/admin-access.spec.ts:14, frontend/src/tests/e2e/admin-return-from-home.spec.ts:8, frontend/src/tests/e2e/logout-cart-badge.spec.ts:7"
frontend/src/tests/e2e/a11y-modes.spec.ts,7,代码质量,中,疑似重复代码片段,抽取为共享函数/组件/DAO 方法；统一校验与错误处理以减少漂移。,"重复片段位置: frontend/src/tests/e2e/a11y-modes.spec.ts:7, frontend/src/tests/e2e/admin-access.spec.ts:15, frontend/src/tests/e2e/admin-return-from-home.spec.ts:9, frontend/src/tests/e2e/logout-cart-badge.spec.ts:8"
frontend/src/tests/e2e/a11y-modes.spec.ts,8,代码质量,中,疑似重复代码片段,抽取为共享函数/组件/DAO 方法；统一校验与错误处理以减少漂移。,"重复片段位置: frontend/src/tests/e2e/a11y-modes.spec.ts:8, frontend/src/tests/e2e/admin-access.spec.ts:16, frontend/src/tests/e2e/admin-return-from-home.spec.ts:10, frontend/src/tests/e2e/logout-cart-badge.spec.ts:9"
frontend/src/tests/e2e/a11y-modes.spec.ts,9,代码质量,中,疑似重复代码片段,抽取为共享函数/组件/DAO 方法；统一校验与错误处理以减少漂移。,"重复片段位置: frontend/src/tests/e2e/a11y-modes.spec.ts:9, frontend/src/tests/e2e/admin-access.spec.ts:17, frontend/src/tests/e2e/admin-return-from-home.spec.ts:11, frontend/src/tests/e2e/logout-cart-badge.spec.ts:10"
frontend/src/tests/e2e/a11y-modes.spec.ts,10,代码质量,中,疑似重复代码片段,抽取为共享函数/组件/DAO 方法；统一校验与错误处理以减少漂移。,"重复片段位置: frontend/src/tests/e2e/a11y-modes.spec.ts:10, frontend/src/tests/e2e/admin-access.spec.ts:18, frontend/src/tests/e2e/admin-return-from-home.spec.ts:12, frontend/src/tests/e2e/logout-cart-badge.spec.ts:11"
frontend/src/tests/e2e/a11y-modes.spec.ts,11,代码质量,中,疑似重复代码片段,抽取为共享函数/组件/DAO 方法；统一校验与错误处理以减少漂移。,"重复片段位置: frontend/src/tests/e2e/a11y-modes.spec.ts:11, frontend/src/tests/e2e/admin-access.spec.ts:19"
frontend/src/tests/e2e/admin-access.spec.ts,14,代码质量,中,疑似重复代码片段,抽取为共享函数/组件/DAO 方法；统一校验与错误处理以减少漂移。,"重复片段位置: frontend/src/tests/e2e/a11y-modes.spec.ts:6, frontend/src/tests/e2e/admin-access.spec.ts:14, frontend/src/tests/e2e/admin-return-from-home.spec.ts:8, frontend/src/tests/e2e/logout-cart-badge.spec.ts:7"
frontend/src/tests/e2e/admin-access.spec.ts,15,代码质量,中,疑似重复代码片段,抽取为共享函数/组件/DAO 方法；统一校验与错误处理以减少漂移。,"重复片段位置: frontend/src/tests/e2e/a11y-modes.spec.ts:7, frontend/src/tests/e2e/admin-access.spec.ts:15, frontend/src/tests/e2e/admin-return-from-home.spec.ts:9, frontend/src/tests/e2e/logout-cart-badge.spec.ts:8"
frontend/src/tests/e2e/admin-access.spec.ts,16,代码质量,中,疑似重复代码片段,抽取为共享函数/组件/DAO 方法；统一校验与错误处理以减少漂移。,"重复片段位置: frontend/src/tests/e2e/a11y-modes.spec.ts:8, frontend/src/tests/e2e/admin-access.spec.ts:16, frontend/src/tests/e2e/admin-return-from-home.spec.ts:10, frontend/src/tests/e2e/logout-cart-badge.spec.ts:9"
frontend/src/tests/e2e/admin-access.spec.ts,17,代码质量,中,疑似重复代码片段,抽取为共享函数/组件/DAO 方法；统一校验与错误处理以减少漂移。,"重复片段位置: frontend/src/tests/e2e/a11y-modes.spec.ts:9, frontend/src/tests/e2e/admin-access.spec.ts:17, frontend/src/tests/e2e/admin-return-from-home.spec.ts:11, frontend/src/tests/e2e/logout-cart-badge.spec.ts:10"
frontend/src/tests/e2e/admin-access.spec.ts,18,代码质量,中,疑似重复代码片段,抽取为共享函数/组件/DAO 方法；统一校验与错误处理以减少漂移。,"重复片段位置: frontend/src/tests/e2e/a11y-modes.spec.ts:10, frontend/src/tests/e2e/admin-access.spec.ts:18, frontend/src/tests/e2e/admin-return-from-home.spec.ts:12, frontend/src/tests/e2e/logout-cart-badge.spec.ts:11"
frontend/src/tests/e2e/admin-access.spec.ts,19,代码质量,中,疑似重复代码片段,抽取为共享函数/组件/DAO 方法；统一校验与错误处理以减少漂移。,"重复片段位置: frontend/src/tests/e2e/a11y-modes.spec.ts:11, frontend/src/tests/e2e/admin-access.spec.ts:19"
frontend/src/tests/e2e/admin-authorization.spec.ts,16,安全漏洞,中,localStorage 保存 token（XSS 风险放大）,需要人工复核上下文：确认是否为误报；如属实则按安全基线整改。,"localStorage.setItem('admin_access_token', 'fake-user-jwt')"
frontend/src/tests/e2e/admin-return-from-home.spec.ts,6,安全漏洞,中,localStorage 保存 token（XSS 风险放大）,需要人工复核上下文：确认是否为误报；如属实则按安全基线整改。,"localStorage.setItem('admin_access_token', 'admin-token')"
frontend/src/tests/e2e/admin-return-from-home.spec.ts,7,代码质量,中,疑似重复代码片段,抽取为共享函数/组件/DAO 方法；统一校验与错误处理以减少漂移。,"重复片段位置: frontend/src/tests/e2e/admin-return-from-home.spec.ts:7, frontend/src/tests/e2e/logout-cart-badge.spec.ts:6"
frontend/src/tests/e2e/admin-return-from-home.spec.ts,8,代码质量,中,疑似重复代码片段,抽取为共享函数/组件/DAO 方法；统一校验与错误处理以减少漂移。,"重复片段位置: frontend/src/tests/e2e/a11y-modes.spec.ts:6, frontend/src/tests/e2e/admin-access.spec.ts:14, frontend/src/tests/e2e/admin-return-from-home.spec.ts:8, frontend/src/tests/e2e/logout-cart-badge.spec.ts:7"
frontend/src/tests/e2e/admin-return-from-home.spec.ts,9,代码质量,中,疑似重复代码片段,抽取为共享函数/组件/DAO 方法；统一校验与错误处理以减少漂移。,"重复片段位置: frontend/src/tests/e2e/a11y-modes.spec.ts:7, frontend/src/tests/e2e/admin-access.spec.ts:15, frontend/src/tests/e2e/admin-return-from-home.spec.ts:9, frontend/src/tests/e2e/logout-cart-badge.spec.ts:8"
frontend/src/tests/e2e/admin-return-from-home.spec.ts,10,代码质量,中,疑似重复代码片段,抽取为共享函数/组件/DAO 方法；统一校验与错误处理以减少漂移。,"重复片段位置: frontend/src/tests/e2e/a11y-modes.spec.ts:8, frontend/src/tests/e2e/admin-access.spec.ts:16, frontend/src/tests/e2e/admin-return-from-home.spec.ts:10, frontend/src/tests/e2e/logout-cart-badge.spec.ts:9"
frontend/src/tests/e2e/admin-return-from-home.spec.ts,11,代码质量,中,疑似重复代码片段,抽取为共享函数/组件/DAO 方法；统一校验与错误处理以减少漂移。,"重复片段位置: frontend/src/tests/e2e/a11y-modes.spec.ts:9, frontend/src/tests/e2e/admin-access.spec.ts:17, frontend/src/tests/e2e/admin-return-from-home.spec.ts:11, frontend/src/tests/e2e/logout-cart-badge.spec.ts:10"
frontend/src/tests/e2e/admin-return-from-home.spec.ts,12,代码质量,中,疑似重复代码片段,抽取为共享函数/组件/DAO 方法；统一校验与错误处理以减少漂移。,"重复片段位置: frontend/src/tests/e2e/a11y-modes.spec.ts:10, frontend/src/tests/e2e/admin-access.spec.ts:18, frontend/src/tests/e2e/admin-return-from-home.spec.ts:12, frontend/src/tests/e2e/logout-cart-badge.spec.ts:11"
frontend/src/tests/e2e/admin-return-from-home.spec.ts,25,代码质量,中,疑似重复代码片段,抽取为共享函数/组件/DAO 方法；统一校验与错误处理以减少漂移。,"重复片段位置: frontend/src/tests/e2e/admin-return-from-home.spec.ts:25, frontend/src/tests/e2e/admin-sales-chart.spec.ts:7"
frontend/src/tests/e2e/admin-return-from-home.spec.ts,26,代码质量,中,疑似重复代码片段,抽取为共享函数/组件/DAO 方法；统一校验与错误处理以减少漂移。,"重复片段位置: frontend/src/tests/e2e/admin-return-from-home.spec.ts:26, frontend/src/tests/e2e/admin-sales-chart.spec.ts:8"
frontend/src/tests/e2e/admin-return-from-home.spec.ts,27,代码质量,中,疑似重复代码片段,抽取为共享函数/组件/DAO 方法；统一校验与错误处理以减少漂移。,"重复片段位置: frontend/src/tests/e2e/admin-return-from-home.spec.ts:27, frontend/src/tests/e2e/admin-sales-chart.spec.ts:9"
frontend/src/tests/e2e/admin-return-from-home.spec.ts,28,代码质量,中,疑似重复代码片段,抽取为共享函数/组件/DAO 方法；统一校验与错误处理以减少漂移。,"重复片段位置: frontend/src/tests/e2e/admin-return-from-home.spec.ts:28, frontend/src/tests/e2e/admin-sales-chart.spec.ts:10"
frontend/src/tests/e2e/admin-return-from-home.spec.ts,29,代码质量,中,疑似重复代码片段,抽取为共享函数/组件/DAO 方法；统一校验与错误处理以减少漂移。,"重复片段位置: frontend/src/tests/e2e/admin-return-from-home.spec.ts:29, frontend/src/tests/e2e/admin-sales-chart.spec.ts:11"
frontend/src/tests/e2e/admin-return-from-home.spec.ts,30,代码质量,中,疑似重复代码片段,抽取为共享函数/组件/DAO 方法；统一校验与错误处理以减少漂移。,"重复片段位置: frontend/src/tests/e2e/admin-return-from-home.spec.ts:30, frontend/src/tests/e2e/admin-sales-chart.spec.ts:12"
frontend/src/tests/e2e/admin-sales-chart.spec.ts,6,安全漏洞,中,localStorage 保存 token（XSS 风险放大）,需要人工复核上下文：确认是否为误报；如属实则按安全基线整改。,"localStorage.setItem('admin_access_token', 'admin-token')"
frontend/src/tests/e2e/admin-sales-chart.spec.ts,7,代码质量,中,疑似重复代码片段,抽取为共享函数/组件/DAO 方法；统一校验与错误处理以减少漂移。,"重复片段位置: frontend/src/tests/e2e/admin-return-from-home.spec.ts:25, frontend/src/tests/e2e/admin-sales-chart.spec.ts:7"
frontend/src/tests/e2e/admin-sales-chart.spec.ts,8,代码质量,中,疑似重复代码片段,抽取为共享函数/组件/DAO 方法；统一校验与错误处理以减少漂移。,"重复片段位置: frontend/src/tests/e2e/admin-return-from-home.spec.ts:26, frontend/src/tests/e2e/admin-sales-chart.spec.ts:8"
frontend/src/tests/e2e/admin-sales-chart.spec.ts,9,代码质量,中,疑似重复代码片段,抽取为共享函数/组件/DAO 方法；统一校验与错误处理以减少漂移。,"重复片段位置: frontend/src/tests/e2e/admin-return-from-home.spec.ts:27, frontend/src/tests/e2e/admin-sales-chart.spec.ts:9"
frontend/src/tests/e2e/admin-sales-chart.spec.ts,10,代码质量,中,疑似重复代码片段,抽取为共享函数/组件/DAO 方法；统一校验与错误处理以减少漂移。,"重复片段位置: frontend/src/tests/e2e/admin-return-from-home.spec.ts:28, frontend/src/tests/e2e/admin-sales-chart.spec.ts:10"
frontend/src/tests/e2e/admin-sales-chart.spec.ts,11,代码质量,中,疑似重复代码片段,抽取为共享函数/组件/DAO 方法；统一校验与错误处理以减少漂移。,"重复片段位置: frontend/src/tests/e2e/admin-return-from-home.spec.ts:29, frontend/src/tests/e2e/admin-sales-chart.spec.ts:11"
frontend/src/tests/e2e/admin-sales-chart.spec.ts,12,代码质量,中,疑似重复代码片段,抽取为共享函数/组件/DAO 方法；统一校验与错误处理以减少漂移。,"重复片段位置: frontend/src/tests/e2e/admin-return-from-home.spec.ts:30, frontend/src/tests/e2e/admin-sales-chart.spec.ts:12"
frontend/src/tests/e2e/cart-sync.spec.ts,6,安全漏洞,中,localStorage 保存 token（XSS 风险放大）,需要人工复核上下文：确认是否为误报；如属实则按安全基线整改。,"localStorage.setItem('access_token', 'fake-user-token')"
frontend/src/tests/e2e/logout-cart-badge.spec.ts,6,安全漏洞,中,localStorage 保存 token（XSS 风险放大）,需要人工复核上下文：确认是否为误报；如属实则按安全基线整改。,"localStorage.setItem('access_token', 't')"
frontend/src/tests/e2e/logout-cart-badge.spec.ts,6,代码质量,中,疑似重复代码片段,抽取为共享函数/组件/DAO 方法；统一校验与错误处理以减少漂移。,"重复片段位置: frontend/src/tests/e2e/admin-return-from-home.spec.ts:7, frontend/src/tests/e2e/logout-cart-badge.spec.ts:6"
frontend/src/tests/e2e/logout-cart-badge.spec.ts,7,代码质量,中,疑似重复代码片段,抽取为共享函数/组件/DAO 方法；统一校验与错误处理以减少漂移。,"重复片段位置: frontend/src/tests/e2e/a11y-modes.spec.ts:6, frontend/src/tests/e2e/admin-access.spec.ts:14, frontend/src/tests/e2e/admin-return-from-home.spec.ts:8, frontend/src/tests/e2e/logout-cart-badge.spec.ts:7"
frontend/src/tests/e2e/logout-cart-badge.spec.ts,8,代码质量,中,疑似重复代码片段,抽取为共享函数/组件/DAO 方法；统一校验与错误处理以减少漂移。,"重复片段位置: frontend/src/tests/e2e/a11y-modes.spec.ts:7, frontend/src/tests/e2e/admin-access.spec.ts:15, frontend/src/tests/e2e/admin-return-from-home.spec.ts:9, frontend/src/tests/e2e/logout-cart-badge.spec.ts:8"
frontend/src/tests/e2e/logout-cart-badge.spec.ts,9,代码质量,中,疑似重复代码片段,抽取为共享函数/组件/DAO 方法；统一校验与错误处理以减少漂移。,"重复片段位置: frontend/src/tests/e2e/a11y-modes.spec.ts:8, frontend/src/tests/e2e/admin-access.spec.ts:16, frontend/src/tests/e2e/admin-return-from-home.spec.ts:10, frontend/src/tests/e2e/logout-cart-badge.spec.ts:9"
frontend/src/tests/e2e/logout-cart-badge.spec.ts,10,代码质量,中,疑似重复代码片段,抽取为共享函数/组件/DAO 方法；统一校验与错误处理以减少漂移。,"重复片段位置: frontend/src/tests/e2e/a11y-modes.spec.ts:9, frontend/src/tests/e2e/admin-access.spec.ts:17, frontend/src/tests/e2e/admin-return-from-home.spec.ts:11, frontend/src/tests/e2e/logout-cart-badge.spec.ts:10"
frontend/src/tests/e2e/logout-cart-badge.spec.ts,11,代码质量,中,疑似重复代码片段,抽取为共享函数/组件/DAO 方法；统一校验与错误处理以减少漂移。,"重复片段位置: frontend/src/tests/e2e/a11y-modes.spec.ts:10, frontend/src/tests/e2e/admin-access.spec.ts:18, frontend/src/tests/e2e/admin-return-from-home.spec.ts:12, frontend/src/tests/e2e/logout-cart-badge.spec.ts:11"
frontend/src/tests/e2e/logout-cart-badge.spec.ts,46,代码质量,中,疑似重复代码片段,抽取为共享函数/组件/DAO 方法；统一校验与错误处理以减少漂移。,"重复片段位置: frontend/src/tests/e2e/logout-cart-badge.spec.ts:46, frontend/src/tests/e2e/register-flow.spec.ts:25"
frontend/src/tests/e2e/logout-cart-badge.spec.ts,47,代码质量,中,疑似重复代码片段,抽取为共享函数/组件/DAO 方法；统一校验与错误处理以减少漂移。,"重复片段位置: frontend/src/tests/e2e/logout-cart-badge.spec.ts:47, frontend/src/tests/e2e/register-flow.spec.ts:26"
frontend/src/tests/e2e/logout-cart-badge.spec.ts,48,代码质量,中,疑似重复代码片段,抽取为共享函数/组件/DAO 方法；统一校验与错误处理以减少漂移。,"重复片段位置: frontend/src/tests/e2e/logout-cart-badge.spec.ts:48, frontend/src/tests/e2e/register-flow.spec.ts:27"
frontend/src/tests/e2e/logout-cart-badge.spec.ts,49,代码质量,中,疑似重复代码片段,抽取为共享函数/组件/DAO 方法；统一校验与错误处理以减少漂移。,"重复片段位置: frontend/src/tests/e2e/logout-cart-badge.spec.ts:49, frontend/src/tests/e2e/register-flow.spec.ts:28"
frontend/src/tests/e2e/logout-cart-badge.spec.ts,50,代码质量,中,疑似重复代码片段,抽取为共享函数/组件/DAO 方法；统一校验与错误处理以减少漂移。,"重复片段位置: frontend/src/tests/e2e/logout-cart-badge.spec.ts:50, frontend/src/tests/e2e/register-flow.spec.ts:29"
frontend/src/tests/e2e/logout-cart-badge.spec.ts,51,代码质量,中,疑似重复代码片段,抽取为共享函数/组件/DAO 方法；统一校验与错误处理以减少漂移。,"重复片段位置: frontend/src/tests/e2e/logout-cart-badge.spec.ts:51, frontend/src/tests/e2e/register-flow.spec.ts:30"
frontend/src/tests/e2e/logout-cart-badge.spec.ts,52,代码质量,中,疑似重复代码片段,抽取为共享函数/组件/DAO 方法；统一校验与错误处理以减少漂移。,"重复片段位置: frontend/src/tests/e2e/logout-cart-badge.spec.ts:52, frontend/src/tests/e2e/register-flow.spec.ts:31"
frontend/src/tests/e2e/logout-cart-badge.spec.ts,53,代码质量,中,疑似重复代码片段,抽取为共享函数/组件/DAO 方法；统一校验与错误处理以减少漂移。,"重复片段位置: frontend/src/tests/e2e/logout-cart-badge.spec.ts:53, frontend/src/tests/e2e/register-flow.spec.ts:32"
frontend/src/tests/e2e/logout-cart-badge.spec.ts,54,代码质量,中,疑似重复代码片段,抽取为共享函数/组件/DAO 方法；统一校验与错误处理以减少漂移。,"重复片段位置: frontend/src/tests/e2e/logout-cart-badge.spec.ts:54, frontend/src/tests/e2e/register-flow.spec.ts:33"
frontend/src/tests/e2e/logout-cart-badge.spec.ts,55,代码质量,中,疑似重复代码片段,抽取为共享函数/组件/DAO 方法；统一校验与错误处理以减少漂移。,"重复片段位置: frontend/src/tests/e2e/logout-cart-badge.spec.ts:55, frontend/src/tests/e2e/register-flow.spec.ts:34"
frontend/src/tests/e2e/logout-cart-badge.spec.ts,56,代码质量,中,疑似重复代码片段,抽取为共享函数/组件/DAO 方法；统一校验与错误处理以减少漂移。,"重复片段位置: frontend/src/tests/e2e/logout-cart-badge.spec.ts:56, frontend/src/tests/e2e/register-flow.spec.ts:35"
frontend/src/tests/e2e/logout-cart-badge.spec.ts,57,代码质量,中,疑似重复代码片段,抽取为共享函数/组件/DAO 方法；统一校验与错误处理以减少漂移。,"重复片段位置: frontend/src/tests/e2e/logout-cart-badge.spec.ts:57, frontend/src/tests/e2e/register-flow.spec.ts:36"
frontend/src/tests/e2e/product-detail-add-cart.spec.ts,6,安全漏洞,中,localStorage 保存 token（XSS 风险放大）,需要人工复核上下文：确认是否为误报；如属实则按安全基线整改。,"localStorage.setItem('access_token', 't')"
frontend/src/tests/e2e/recommendations-flow.spec.ts,8,安全漏洞,中,localStorage 保存 token（XSS 风险放大）,需要人工复核上下文：确认是否为误报；如属实则按安全基线整改。,"localStorage.setItem('access_token', 't')"
frontend/src/tests/e2e/register-flow.spec.ts,25,代码质量,中,疑似重复代码片段,抽取为共享函数/组件/DAO 方法；统一校验与错误处理以减少漂移。,"重复片段位置: frontend/src/tests/e2e/logout-cart-badge.spec.ts:46, frontend/src/tests/e2e/register-flow.spec.ts:25"
frontend/src/tests/e2e/register-flow.spec.ts,26,代码质量,中,疑似重复代码片段,抽取为共享函数/组件/DAO 方法；统一校验与错误处理以减少漂移。,"重复片段位置: frontend/src/tests/e2e/logout-cart-badge.spec.ts:47, frontend/src/tests/e2e/register-flow.spec.ts:26"
frontend/src/tests/e2e/register-flow.spec.ts,27,代码质量,中,疑似重复代码片段,抽取为共享函数/组件/DAO 方法；统一校验与错误处理以减少漂移。,"重复片段位置: frontend/src/tests/e2e/logout-cart-badge.spec.ts:48, frontend/src/tests/e2e/register-flow.spec.ts:27"
frontend/src/tests/e2e/register-flow.spec.ts,28,代码质量,中,疑似重复代码片段,抽取为共享函数/组件/DAO 方法；统一校验与错误处理以减少漂移。,"重复片段位置: frontend/src/tests/e2e/logout-cart-badge.spec.ts:49, frontend/src/tests/e2e/register-flow.spec.ts:28"
frontend/src/tests/e2e/register-flow.spec.ts,29,代码质量,中,疑似重复代码片段,抽取为共享函数/组件/DAO 方法；统一校验与错误处理以减少漂移。,"重复片段位置: frontend/src/tests/e2e/logout-cart-badge.spec.ts:50, frontend/src/tests/e2e/register-flow.spec.ts:29"
frontend/src/tests/e2e/register-flow.spec.ts,30,代码质量,中,疑似重复代码片段,抽取为共享函数/组件/DAO 方法；统一校验与错误处理以减少漂移。,"重复片段位置: frontend/src/tests/e2e/logout-cart-badge.spec.ts:51, frontend/src/tests/e2e/register-flow.spec.ts:30"
frontend/src/tests/e2e/register-flow.spec.ts,31,代码质量,中,疑似重复代码片段,抽取为共享函数/组件/DAO 方法；统一校验与错误处理以减少漂移。,"重复片段位置: frontend/src/tests/e2e/logout-cart-badge.spec.ts:52, frontend/src/tests/e2e/register-flow.spec.ts:31"
frontend/src/tests/e2e/register-flow.spec.ts,32,代码质量,中,疑似重复代码片段,抽取为共享函数/组件/DAO 方法；统一校验与错误处理以减少漂移。,"重复片段位置: frontend/src/tests/e2e/logout-cart-badge.spec.ts:53, frontend/src/tests/e2e/register-flow.spec.ts:32"
frontend/src/tests/e2e/register-flow.spec.ts,33,代码质量,中,疑似重复代码片段,抽取为共享函数/组件/DAO 方法；统一校验与错误处理以减少漂移。,"重复片段位置: frontend/src/tests/e2e/logout-cart-badge.spec.ts:54, frontend/src/tests/e2e/register-flow.spec.ts:33"
frontend/src/tests/e2e/register-flow.spec.ts,34,代码质量,中,疑似重复代码片段,抽取为共享函数/组件/DAO 方法；统一校验与错误处理以减少漂移。,"重复片段位置: frontend/src/tests/e2e/logout-cart-badge.spec.ts:55, frontend/src/tests/e2e/register-flow.spec.ts:34"
frontend/src/tests/e2e/register-flow.spec.ts,35,代码质量,中,疑似重复代码片段,抽取为共享函数/组件/DAO 方法；统一校验与错误处理以减少漂移。,"重复片段位置: frontend/src/tests/e2e/logout-cart-badge.spec.ts:56, frontend/src/tests/e2e/register-flow.spec.ts:35"
frontend/src/tests/e2e/register-flow.spec.ts,36,代码质量,中,疑似重复代码片段,抽取为共享函数/组件/DAO 方法；统一校验与错误处理以减少漂移。,"重复片段位置: frontend/src/tests/e2e/logout-cart-badge.spec.ts:57, frontend/src/tests/e2e/register-flow.spec.ts:36"
frontend/src/tests/e2e/register-flow.spec.ts,69,安全漏洞,中,localStorage 保存 token（XSS 风险放大）,需要人工复核上下文：确认是否为误报；如属实则按安全基线整改。,const token = await page.evaluate(() => localStorage.getItem('access_token'))
frontend/src/tests/recoStore.spec.ts,23,安全漏洞,中,localStorage 保存 token（XSS 风险放大）,需要人工复核上下文：确认是否为误报；如属实则按安全基线整改。,localStorage.setItem(
frontend/src/tests/recoStore.spec.ts,113,安全漏洞,中,localStorage 保存 token（XSS 风险放大）,需要人工复核上下文：确认是否为误报；如属实则按安全基线整改。,expect(localStorage.getItem('hearing_profile_v1')).toContain('重度')
frontend/src/tests/recoStore.spec.ts,124,安全漏洞,中,localStorage 保存 token（XSS 风险放大）,需要人工复核上下文：确认是否为误报；如属实则按安全基线整改。,expect(localStorage.getItem('hearing_profile_v1')).toContain('中度')
frontend/src/tests/speechStore.spec.ts,3,代码质量,中,疑似重复代码片段,抽取为共享函数/组件/DAO 方法；统一校验与错误处理以减少漂移。,"重复片段位置: frontend/src/tests/speechStore.spec.ts:3, frontend/src/tests/useSpeechRecognition.spec.ts:4"
frontend/src/tests/speechStore.spec.ts,4,代码质量,中,疑似重复代码片段,抽取为共享函数/组件/DAO 方法；统一校验与错误处理以减少漂移。,"重复片段位置: frontend/src/tests/speechStore.spec.ts:4, frontend/src/tests/useSpeechRecognition.spec.ts:5"
frontend/src/tests/useSpeechRecognition.spec.ts,4,代码质量,中,疑似重复代码片段,抽取为共享函数/组件/DAO 方法；统一校验与错误处理以减少漂移。,"重复片段位置: frontend/src/tests/speechStore.spec.ts:3, frontend/src/tests/useSpeechRecognition.spec.ts:4"
frontend/src/tests/useSpeechRecognition.spec.ts,5,代码质量,中,疑似重复代码片段,抽取为共享函数/组件/DAO 方法；统一校验与错误处理以减少漂移。,"重复片段位置: frontend/src/tests/speechStore.spec.ts:4, frontend/src/tests/useSpeechRecognition.spec.ts:5"
frontend/src/utils/coverEntry.ts,31,安全漏洞,中,localStorage 保存 token（XSS 风险放大）,需要人工复核上下文：确认是否为误报；如属实则按安全基线整改。,const v = localStorage.getItem(ALWAYS_KEY)
frontend/src/utils/coverEntry.ts,41,安全漏洞,中,localStorage 保存 token（XSS 风险放大）,需要人工复核上下文：确认是否为误报；如属实则按安全基线整改。,"localStorage.setItem(ALWAYS_KEY, v ? '1' : '0')"
frontend/src/utils/coverEntry.ts,47,安全漏洞,中,localStorage 保存 token（XSS 风险放大）,需要人工复核上下文：确认是否为误报；如属实则按安全基线整改。,"localStorage.setItem(SEEN_KEY, getCoverSessionId())"
frontend/src/utils/coverEntry.ts,53,安全漏洞,中,localStorage 保存 token（XSS 风险放大）,需要人工复核上下文：确认是否为误报；如属实则按安全基线整改。,return localStorage.getItem(SEEN_KEY) === getCoverSessionId()
frontend/src/views/UserCenter.vue,1,可维护性,中,单文件过大（1389 行）,按功能拆分模块/组件；拆分后引入单元测试与契约测试减少回归风险。,frontend/src/views/UserCenter.vue
tools/code-review/run_code_review.py,120,代码质量,中,函数过长（88 行）：analyze_python,拆分为更小的函数/提取校验与持久化逻辑，降低圈复杂度与测试成本。,def analyze_python(...):
tools/code-review/run_code_review.py,120,代码质量,中,圈复杂度偏高（≈25）：analyze_python,减少嵌套与分支；采用早返回/策略表/状态机；为分支路径补单测。,def analyze_python(...):
tools/code-review/run_code_review.py,218,安全漏洞,中,可能的 HTML 注入（v-html）,需要人工复核上下文：确认是否为误报；如属实则按安全基线整改。,"(""安全漏洞"", ""中"", ""可能的 HTML 注入（v-html）"", re.compile(r""\bv-html\b"")),"
tools/code-review/run_code_review.py,299,代码质量,中,函数过长（91 行）：main,拆分为更小的函数/提取校验与持久化逻辑，降低圈复杂度与测试成本。,def main(...):
tools/repo-audit.mjs,1,可维护性,中,单文件过大（981 行）,按功能拆分模块/组件；拆分后引入单元测试与契约测试减少回归风险。,tools/repo-audit.mjs
backend/app/admin_v2/activity_controllers.py,1,代码质量,低,疑似未使用导入：annotations,删除未使用导入，减少启动开销与可读性负担；如为类型导入可改为 TYPE_CHECKING 条件导入。,annotations
backend/app/admin_v2/controllers.py,10,代码质量,低,疑似未使用导入：annotations,删除未使用导入，减少启动开销与可读性负担；如为类型导入可改为 TYPE_CHECKING 条件导入。,annotations
backend/app/admin_v2/controllers.py,39,代码质量,低,疑似未使用导入：LogoutSchema,删除未使用导入，减少启动开销与可读性负担；如为类型导入可改为 TYPE_CHECKING 条件导入。,LogoutSchema
backend/app/admin_v2/daos/audit_dao.py,1,代码质量,低,疑似未使用导入：annotations,删除未使用导入，减少启动开销与可读性负担；如为类型导入可改为 TYPE_CHECKING 条件导入。,annotations
backend/app/admin_v2/daos/order_dao.py,1,代码质量,低,疑似未使用导入：annotations,删除未使用导入，减少启动开销与可读性负担；如为类型导入可改为 TYPE_CHECKING 条件导入。,annotations
backend/app/admin_v2/daos/product_dao.py,1,代码质量,低,疑似未使用导入：annotations,删除未使用导入，减少启动开销与可读性负担；如为类型导入可改为 TYPE_CHECKING 条件导入。,annotations
backend/app/admin_v2/daos/rbac_dao.py,1,代码质量,低,疑似未使用导入：annotations,删除未使用导入，减少启动开销与可读性负担；如为类型导入可改为 TYPE_CHECKING 条件导入。,annotations
backend/app/admin_v2/daos/user_dao.py,1,代码质量,低,疑似未使用导入：annotations,删除未使用导入，减少启动开销与可读性负担；如为类型导入可改为 TYPE_CHECKING 条件导入。,annotations
backend/app/admin_v2/schemas.py,12,代码质量,低,疑似未使用导入：annotations,删除未使用导入，减少启动开销与可读性负担；如为类型导入可改为 TYPE_CHECKING 条件导入。,annotations
backend/app/admin_v2/services/admin_service.py,1,代码质量,低,疑似未使用导入：annotations,删除未使用导入，减少启动开销与可读性负担；如为类型导入可改为 TYPE_CHECKING 条件导入。,annotations
backend/app/admin_v2/services/audit_service.py,1,代码质量,低,疑似未使用导入：annotations,删除未使用导入，减少启动开销与可读性负担；如为类型导入可改为 TYPE_CHECKING 条件导入。,annotations
backend/app/admin_v2/services/auth_service.py,1,代码质量,低,疑似未使用导入：annotations,删除未使用导入，减少启动开销与可读性负担；如为类型导入可改为 TYPE_CHECKING 条件导入。,annotations
backend/app/admin_v2/services/rbac_service.py,17,代码质量,低,疑似未使用导入：annotations,删除未使用导入，减少启动开销与可读性负担；如为类型导入可改为 TYPE_CHECKING 条件导入。,annotations
backend/app/admin_v2/services/sales_service.py,1,代码质量,低,疑似未使用导入：annotations,删除未使用导入，减少启动开销与可读性负担；如为类型导入可改为 TYPE_CHECKING 条件导入。,annotations
backend/app/models/activity_model.py,1,代码质量,低,疑似未使用导入：annotations,删除未使用导入，减少启动开销与可读性负担；如为类型导入可改为 TYPE_CHECKING 条件导入。,annotations
backend/app/models/maintenance_model.py,1,代码质量,低,疑似未使用导入：annotations,删除未使用导入，减少启动开销与可读性负担；如为类型导入可改为 TYPE_CHECKING 条件导入。,annotations
backend/app/routes/activity.py,1,代码质量,低,疑似未使用导入：annotations,删除未使用导入，减少启动开销与可读性负担；如为类型导入可改为 TYPE_CHECKING 条件导入。,annotations
backend/app/routes/admin.py,13,代码质量,低,疑似未使用导入：admin_bp,删除未使用导入，减少启动开销与可读性负担；如为类型导入可改为 TYPE_CHECKING 条件导入。,admin_bp
backend/app/routes/maintenance.py,1,代码质量,低,疑似未使用导入：annotations,删除未使用导入，减少启动开销与可读性负担；如为类型导入可改为 TYPE_CHECKING 条件导入。,annotations
backend/app/services/activity_service.py,1,代码质量,低,疑似未使用导入：annotations,删除未使用导入，减少启动开销与可读性负担；如为类型导入可改为 TYPE_CHECKING 条件导入。,annotations
backend/app/services/maintenance_pdf_service.py,1,代码质量,低,疑似未使用导入：annotations,删除未使用导入，减少启动开销与可读性负担；如为类型导入可改为 TYPE_CHECKING 条件导入。,annotations
backend/app/services/maintenance_service.py,1,代码质量,低,疑似未使用导入：annotations,删除未使用导入，减少启动开销与可读性负担；如为类型导入可改为 TYPE_CHECKING 条件导入。,annotations
backend/app/utils/cache.py,14,代码质量,低,疑似未使用导入：annotations,删除未使用导入，减少启动开销与可读性负担；如为类型导入可改为 TYPE_CHECKING 条件导入。,annotations
backend/app/utils/distributed_lock.py,1,代码质量,低,疑似未使用导入：annotations,删除未使用导入，减少启动开销与可读性负担；如为类型导入可改为 TYPE_CHECKING 条件导入。,annotations
backend/app/utils/serialize.py,14,代码质量,低,疑似未使用导入：annotations,删除未使用导入，减少启动开销与可读性负担；如为类型导入可改为 TYPE_CHECKING 条件导入。,annotations
backend/tools/seed_api_test_data.py,1,代码质量,低,疑似未使用导入：annotations,删除未使用导入，减少启动开销与可读性负担；如为类型导入可改为 TYPE_CHECKING 条件导入。,annotations
frontend/src/utils/particleEngine.ts,397,代码质量,低,调试输出（print/console）,需要人工复核上下文：确认是否为误报；如属实则按安全基线整改。,"else console.log('[particles] OK', 'count=', particles.length, 'ellipse=', e, 'avgFps=', avg.toFixed(1))"
tools/code-review/run_code_review.py,215,代码质量,低,遗留标记（TODO/FIXME）,需要人工复核上下文：确认是否为误报；如属实则按安全基线整改。,"(""代码质量"", ""低"", ""遗留标记（TODO/FIXME）"", re.compile(r""\b(TODO|FIXME)\b"")),"
